{"train/grad_norm":0.6201288480785112,"train_runtime":48719.1516,"train/valid_targets_min":1629,"_step":883,"_runtime":49304,"total_flos":1.848691885258834e+18,"train/valid_targets_mean":3711.5,"train_loss":0.2514217406990357,"train/loss_nan_ranks":0,"train/learning_rate":5.62170154649877e-11,"train_steps_per_second":0.091,"train/loss_rank_avg":0.19952121376991272,"train/epoch":7,"_wandb":{"runtime":49304},"_timestamp":1.7664909350018177e+09,"train_samples_per_second":1.449,"train/loss":0.1887,"train/global_step":4417}