{"_wandb":{"runtime":45613},"train_runtime":45583.7501,"train_loss":0.2761181386960607,"_step":147,"train/epoch":5,"train_steps_per_second":0.016,"train/loss":0.2444,"train/valid_targets_mean":3894.8,"total_flos":1.526011807011963e+18,"train/global_step":735,"train/grad_norm":0.48375263810157776,"train_samples_per_second":1.027,"train/loss_rank_avg":0.11284343898296356,"train/learning_rate":2.2588948167756586e-10,"_timestamp":1.7664885300682964e+09,"_runtime":45613,"train/loss_nan_ranks":0,"train/valid_targets_min":2179}