{"train/epoch":0.9607846407899785,"train/loss_nan_ranks":0,"_step":719,"_runtime":98721,"train/valid_targets_min":6196,"train/global_step":3600,"train/loss_rank_avg":0.023664195090532303,"train/grad_norm":0.15090174941149467,"train/loss":0.3845,"train/valid_targets_mean":7345.1,"_wandb":{"runtime":98721},"train/learning_rate":1.898278093516548e-07,"_timestamp":1.7664646702507334e+09}