{"train_runtime":41935.3062,"_timestamp":1.766407724222791e+09,"train/learning_rate":1.3561144429630192e-13,"train/loss_rank_avg":0.19463524222373962,"train/loss":0.3589,"_runtime":42402,"train_steps_per_second":1.43,"train/valid_targets_min":7481,"_step":2350,"_wandb":{"runtime":42402},"train/grad_norm":0.4623415846982067,"train_loss":0.06952266532071043,"train/global_step":59951,"train/valid_targets_mean":7497,"train/epoch":1,"train/loss_nan_ranks":0,"train_samples_per_second":22.874,"total_flos":1.4231344961965523e+19}