{"train/loss_nan_ranks":0,"train/epoch":5,"_wandb":{"runtime":46118},"total_flos":1.526011807011963e+18,"train/loss_rank_avg":0.11359453201293945,"train/valid_targets_mean":3894.8,"train_runtime":45731.4028,"_runtime":46118,"train/valid_targets_min":2179,"train/grad_norm":0.37369465827941895,"_step":147,"train_samples_per_second":1.024,"train/loss":0.2464,"train_loss":0.2770180432974887,"_timestamp":1.7662958805617456e+09,"train/global_step":735,"train_steps_per_second":0.016,"train/learning_rate":2.2588948167756586e-10}