{"train/loss":0.2301,"train_loss":0.26107929379459943,"_step":293,"train/loss_nan_ranks":0,"train/grad_norm":0.3578140437602997,"train_samples_per_second":0.966,"_timestamp":1.7664745082059164e+09,"train/valid_targets_mean":3894.8,"train/learning_rate":5.681574676508206e-11,"train/epoch":5,"train/global_step":1465,"train/valid_targets_min":2179,"train_steps_per_second":0.03,"total_flos":1.0161026067050004e+18,"_wandb":{"runtime":48487},"_runtime":48487,"train/loss_rank_avg":0.1042168065905571,"train_runtime":48463.0788}